campus,place_id,name,site,category,borough,street,city,postal_code,state,latitude,longitude,verified
Brigham Young University,ChIJqyXyo6GQTYcRXGfgeIpqc_I,Alpine Village,https://myalpinevillage.com/,Student housing center,Carterville,1378 Freedom Blvd 200 W,Provo,84604,Utah,40.252607,-111.661247,True
Brigham Young University,ChIJGbnTbamQTYcRtZfBrL52jhs,Palladium Apartments,https://www.palladiumprovo.com/,Housing complex,North Park,538 N Freedom Blvd Unit,Provo,84601,Utah,40.2409172,-111.6617137,True
Brigham Young University,ChIJaURIj6GQTYcRCY56AtxjTI4,Glenwood Apartments,https://glenwoodapt.com/,Student housing center,Carterville,1565 N University Ave,Provo,84604,Utah,40.2546059,-111.6591926,True
Brigham Young University,ChIJU6EhynuRTYcRv5tkFZYZ8k0,Campus Edge,https://campusprovo.com/campus-edge/,Student housing center,Carterville,1305 N Canyon Rd,Provo,84604,Utah,40.2516543,-111.656401,True
Brigham Young University,ChIJaURIj6GQTYcRkndi2c5Rtdw,Cambridge Apartments,https://www.cambridgecourtapt.com/?switch_cls[id]=95178,Apartment complex,Carterville,1425 N University Ave,Provo,84604,Utah,40.2531271,-111.6598004,True
Brigham Young University,ChIJc-vJJ4WQTYcRcWtxH8R03PI,Riviera,https://housing.byu.edu/secure/services/c_housing_areas/RivieraInfo.aspx,Apartment rental agency,Carterville,1505 N Canyon Rd,Provo,84604,Utah,40.2544049,-111.657828,True
Brigham Young University,ChIJ_xPJJp6QTYcRtK0Q5z9fkaA,The Branbury,https://www.thebranbury.com/?switch_cls[id]=25368,Student housing center,Carterville,449 W 1720 N,Provo,84604,Utah,40.256609,-111.6660259,True
Brigham Young University,ChIJHziz16OQTYcRy_9a9vFVWYQ,Windsor Park,https://parker-brown.com/windsorpark/,Apartment complex,Carterville,104 W 1230 N St,Provo,84604,Utah,40.2523361,-111.6600392,False
Brigham Young University,ChIJZc0gJK6QTYcR9CfKgOPnku4,University Park Apartments,http://universityparkprovo.com/,Apartment complex,Joaquin,225 E 700 N,Provo,84606,Utah,40.2433539,-111.6544344,True
Brigham Young University,ChIJw3E2MbKQTYcRswRvHD7LBaU,Liberty Square,https://chooseliberty.com/liberty-square/,Student housing center,Joaquin,556 N 400 E,Provo,84606,Utah,40.2411368,-111.650729,True
Brigham Young University,ChIJKXJI_K2QTYcRIUDRaiXZcCc,Center Pointe Apartments,https://www.centerpointeprovo.com/,Student housing center,Joaquin,562 N 200 E,Provo,84606,Utah,40.2412178,-111.6546322,True
Brigham Young University,ChIJX9QFY7GQTYcRsoz55vQcUfc,Park Place Apartments,https://www.parkplaceprovo.com/,Student housing center,Joaquin,460 E 700 N,Provo,84606,Utah,40.2425983,-111.6506345,True
Brigham Young University,ChIJ5yVX1cqQTYcRmrB4USfAj-I,King Henry Apartments,http://www.kinghenryapts.com/,Furnished apartment building,Foot Hills,1130 E 450 N,Provo,84606,Utah,40.24083359999999,-111.6388606,True
Brigham Young University,ChIJ81yPzQGRTYcRZzvRYTwPLy4,Campus Way,https://campusprovo.com/campus-way/,Student housing center,Joaquin,580 N 100 E,Provo,84606,Utah,40.241497,-111.6566172,True
Brigham Young University,ChIJVdD4ycqQTYcRga_mw9ilJEM,Blueridge Apartments,https://www.blueridgeprovo.com/,Student housing center,Foot Hills,1060 E 450 N,Provo,84606,Utah,40.2396318,-111.6406656,True
Brigham Young University,ChIJa4P2AK-QTYcRvrngm_b52kA,Liberty on Eighth,https://chooseliberty.com/liberty-on-eighth/,Student housing center,Joaquin,740 N University Ave,Provo,84606,Utah,40.2435493,-111.6575393,True
Brigham Young University,ChIJoSr7t0yXTYcR8NrNNAdufq0,East Pointe Apartments,https://www.eastpointeprovo.com/,Student housing center,Joaquin,274 N 500 E,Provo,84606,Utah,40.2373695,-111.6496047,True
Brigham Young University,ChIJf-0mv8qQTYcRJja2iZZag2c,Arcadia Apartments,https://www.arcadiaapts.com/,Student housing center,Foot Hills,1065 E 450 N,Provo,84606,Utah,40.2402044,-111.6409127,True
Brigham Young University,ChIJd4_B27SQTYcRWe2fqJ2KWag,The Colony Apartments,http://thecolony-apts.com/,Apartment building,Joaquin,401 N 750 E,Provo,84606,Utah,40.2392514,-111.6458262,False
Brigham Young University,ChIJE71zCrSQTYcRR8WrHW46bVc,The Village At South Campus,http://www.thevillageatsouthcampus.com/,Apartment complex,Joaquin,602 E 600 N,Provo,84606,Utah,40.2410854,-111.6477684,True
Brigham Young University,ChIJm0H0xraQTYcR3_G-7MOct8c,Campus Plaza Apartments,http://www.campusplazaapts.com/,Property management company,,669 E 800 N,Provo,84606,Utah,40.2444731,-111.6474968,True
Brigham Young University,ChIJbWHozcqQTYcR2vl0ExjrEzs,Brownstone Condominiums,,Apartment complex,Foot Hills,1080 E 450 N,Provo,84606,Utah,40.2396621,-111.6400707,False
Brigham Young University,ChIJ377VE6aQTYcRlloot7DaThI,Liberty on Freedom,https://chooseliberty.com/liberty-on-freedom/,Student housing center,North Park,865 N 160 W St,Provo,84604,Utah,40.2457713,-111.6609346,True
Brigham Young University,ChIJZzuYC7aQTYcRTOi3z3H1Ntk,CollegePlace Provo,https://collegeplaceprovo.com/,Student housing center,Foot Hills,737 900 E,Provo,84606,Utah,40.2438618,-111.6434066,True
Brigham Young University,ChIJ5195xAeaTYcRl4XqElXZm6g,Omni Apartments,https://www.omniapts.com/,Student housing center,North Park,701 N 500 W,Provo,84601,Utah,40.24306199999999,-111.667964,True
Brigham Young University,ChIJ08JvZlGXTYcRYhauVfCCuJk,200 City View Apartments,https://www.200cityview.com/,Apartment complex,Maeser,255 S University Ave,Provo,84601,Utah,40.2306775,-111.6578994,True
Brigham Young University,ChIJDVvBAbOQTYcRVvjBHekkh9E,Brookview Apartments,http://www.brookviewprovo.com/,Student housing center,Joaquin,442 N 400 E,Provo,84606,Utah,40.2394802,-111.6514196,True
Brigham Young University,ChIJA5oLu62QTYcR1zDcyXVD_go,Bay Terrace,https://bayterrace.prospectportal.com/,Student housing center,Joaquin,139 E 400 N,Provo,84606,Utah,40.239444,-111.656119,True
Brigham Young University,ChIJ_8tsYbGQTYcRAUCROPuaYiM,Southridge Apartments,https://www.southridgeprovo.com/,Student housing center,Joaquin,665 N 500 E,Provo,84606,Utah,40.2425097,-111.6503053,True
Brigham Young University,ChIJvzfjLA2XTYcR66z_4bzQOvY,400 Element Apartments,https://400element.com/,Apartment complex,Downtown,61 400 S,Provo,84601,Utah,40.227935,-111.6600193,True
Brigham Young University,ChIJY2VBrHKRTYcR5mRLag2U5uY,High Line Square,https://www.highlinesquare.com/,Apartment building,Franklin,480 N Freedom Blvd,Provo,84601,Utah,40.2274208,-111.6625575,True
Brigham Young University,ChIJfaKlPZyQTYcR1WqRwaxtJ8s,Raintree Commons,https://raintreeapt.com/,Student housing center,Riverside,1849 Freedom Blvd 200 W,Provo,84604,Utah,40.2602665,-111.6627188,True
Brigham Young University,ChIJSQ6-bK2QTYcR9nOMKIyGvJE,Bountiful Court Apartments,http://bountifulcourt.com/,Apartment building,Joaquin,185 300 N,Provo,84606,Utah,40.2382572,-111.6553891,True
Brigham Young University,ChIJBatTk5mQTYcR98pGiqksMvA,Stadium150 Apartments,https://stadium150.com/,Student housing center,Pleasant View,1960 N Canyon Rd,Provo,84604,Utah,40.2598148,-111.6554847,True
Brigham Young University,ChIJbeoNXnGaTYcRP-R0abW2glI,The Crestwood,https://www.crestwoodapts.com/,Student housing center,Carterville,1800 N State St,Provo,84604,Utah,40.2582259,-111.6730361,True
Brigham Young University,ChIJB1Ga862QTYcRspQ_pbjKLRQ,Brittany Apartments,http://brittanyapts.net/,Apartment building,Joaquin,243 E 500 N,Provo,84606,Utah,40.2407348,-111.6547684,False
Brigham Young University,ChIJr1GcipuQTYcR1URBKQLpV6A,Wyview Park,https://housing.byu.edu/secure/services/c_housing_areas/WyviewSingleInfo.aspx,Student housing center,Wyview,"Brigham Young University, 66 1990 N",Provo,84604,Utah,40.26104429999999,-111.6597863,True
Brigham Young University,ChIJ_wceM3SaTYcR5NSItFkWLm4,Carriage Cove Apartments,http://carriagecove.com/,Student housing center,Carterville,606 W 1720 N,Provo,84604,Utah,40.2575887,-111.6694743,True
Brigham Young University,ChIJl9HGMuOZTYcRqwzYs0i0kR4,The Boulders,https://www.boulders-apts.com/?utm_source=GMB,Apartment building,Franklin South,750 S 650 W APT 37,Provo,84601,Utah,40.2227013,-111.6694292,True
Brigham Young University,ChIJO8zMINCQTYcR3dLY9ZLOdk4,Lookout Pointe,http://www.lookoutpointeapts.com/,Apartment complex,Oak Hills,1200 Terrace Dr,Provo,84604,Utah,40.2494196,-111.6307522,True
Brigham Young University,ChIJG_-1pMqQTYcRr_7jIHwVgVs,Centennial II Apartments,https://www.centennial2.com/,Student housing center,Foot Hills,1000 E 450 N,Provo,84606,Utah,40.2396253,-111.6413719,True
Brigham Young University,ChIJ37JLb5mQTYcRMYtVYZyHBSU,Alta Apartments,http://thealtaapartments.com/,Apartment building,,1850 N University Ave,Provo,84604,Utah,40.2596077,-111.6581075,True
Brigham Young University,ChIJ2djU27GQTYcRKo_TFoY5Qvg,The Isles,http://www.islesliving.com/,Furnished apartment building,Joaquin,727 N 300 E #101,Provo,84606,Utah,40.2434818,-111.6535938,True
Brigham Young University,ChIJbeP8tkeXTYcRAkFTzDp_BQQ,Monaco Court Apartments,http://www.monacocourtapartments.com/,Apartment complex,Maeser,485 S State St Unit 206,Provo,84606,Utah,40.2274846,-111.6443923,True
Brigham Young University,ChIJY0d96LGQTYcRtqiJZ3zE1FA,Moon Apartments,http://moonapts.com/,Apartment complex,Joaquin,680 N 300 E,Provo,84606,Utah,40.24267589999999,-111.6529676,False
Brigham Young University,ChIJS3KJ8KWQTYcRVAEj0dmyuw4,CollegePlace Woodland,https://collegeplacewoodland.com/,Student housing center,North Park,36 W 880 N University Ave,Provo,84604,Utah,40.2458413,-111.6591597,True
Brigham Young University,ChIJqZ70q7OQTYcRbjE7c0zpFBY,Monticello Apartments,http://www.monticelloprovo.com/,Apartment complex,Joaquin,745 N 400 E,Provo,84606,Utah,40.2437461,-111.6521108,True
Brigham Young University,ChIJpbSzGKyQTYcRh9jrNYBP-fg,FCS Rentals,http://www.fcsrentals.com/,Property management company,North Park,495 N University Ave #100b,Provo,84601,Utah,40.2402168,-111.6589761,True
Brigham Young University,ChIJhYOUCKGQTYcRa5n-QlJDvTw,Cinnamon Tree Apartments,https://www.cinnamontreeapts.com/,Apartment complex,Carterville,1285 N Freedom Blvd,Provo,84604,Utah,40.25156,-111.6628299,True
Brigham Young University,ChIJJ7U3STWXTYcRyHucX4bqf4U,Centennial Apartments,https://www.centennialapartments.com/,Student housing center,Foot Hills,380 N 1020 E St,Provo,84606,Utah,40.2390124,-111.6405842,True
Brigham Young University,ChIJESNsirKQTYcR32jNSrwIrus,Union Square Apartments,https://www.ascentatunionsquare.com/,Apartment complex,Joaquin,424 N 300 E,Provo,84606,Utah,40.2395639,-111.6524714,True
Brigham Young University,ChIJ_2eTsgmaTYcRAtW4KFHvsM4,Westwood Apartments,https://westwoodprovo.wixsite.com/westwoodapartments,Furnished apartment building,North Park,519 W 940 N,Provo,84604,Utah,40.24622859999999,-111.6677729,True
Brigham Young University,ChIJA6RrmsqQTYcRgDmXDJPjbms,Sparks II Apartments,https://www.sparksapts.com/,Apartment complex,Foot Hills,999 E 450 N,Provo,84606,Utah,40.2404446,-111.6416408,True
Penn State University Park,ChIJV2hrraCozokRtlPCp8iIpzs,Park Hill Apartments,https://www.liveparkhill.com/?utm_source=GoogleMyBusiness,Apartment complex,,478 E Beaver Ave,State College,16801,Pennsylvania,40.7978986,-77.8536482,True
Penn State University Park,ChIJgTu-OpqozokROgf58b0KflQ,"College West, LLC",http://collegewestllc.com/,Apartment rental agency,,422 Clay Ln,State College,16801,Pennsylvania,40.791495,-77.8663282,False
Penn State University Park,ChIJvxXNi82nzokRcvtOHt8pkHE,Tremont Student Living,https://tremontstudentliving.com/?y_source=1_MTUzMjM1NTctNzE1LWxvY2F0aW9uLndlYnNpdGU%3D,Apartment rental agency,,201 Vairo Blvd,State College,16803,Pennsylvania,40.812897,-77.8865671,True
Penn State University Park,ChIJ83y1o5iozokRO1UrkITC1I0,Nevins Real Estate Management,http://www.apartmentsstatecollege.com/,Apartment rental agency,,214 S Allen St #1,State College,16801,Pennsylvania,40.79298,-77.860055,True
Penn State University Park,ChIJkxzjvn6ozokRHEof3qddoCE,Blue Course Commons,https://www.offcampushousingstatecollege.com/blue-course-commons/?utm_source=GMB,Student housing center,,446 Blue Course Dr,State College,16803,Pennsylvania,40.7985572,-77.8886915,True
Penn State University Park,ChIJy6xaEQapzokRGunpHg5WWxk,The Yards at Old State,https://www.theyardsatoldstate.com/?utm_source=Google+My+Business,Apartment rental agency,,1830 Blue Course Dr,State College,16801,Pennsylvania,40.7692998,-77.860658,True
Penn State University Park,ChIJ2_E_b3-ozokRu1JDmnYvdaM,Park Crest Terrace Apartments,https://calibreresidential.com/,Apartment building,,1400 Martin St Office #1,State College,16803,Pennsylvania,40.8025545,-77.88947089999999,True
Penn State University Park,ChIJn4wFUb-ozokRBIjeH4SwQl0,Lions Gate Apartments,https://www.continentalrealestate.net/,Apartment building,,424 Waupelani Dr,State College,16801,Pennsylvania,40.7788875,-77.8537333,True
Penn State University Park,ChIJLS5X17OnzokRqWLyrt6auaM,Toftrees Apartments - Turtle Creek Apartments,http://www.toftreesapartments.com/,Apartment building,,701 Cricklewood Dr,State College,16803,Pennsylvania,40.8293258,-77.888204,False
Penn State University Park,ChIJs2sECZmozokRwUKJsVlAEWg,GN Associates,http://www.gnrealty.com/,Apartment rental agency,,119 S Burrowes St # 101,State College,16801,Pennsylvania,40.792482,-77.862996,True
Penn State University Park,ChIJSZQWv7WnzokRZk33Qaqhz_8,The View Apartments,http://theviewstatecollege.com/,Apartment complex,,850 Toftrees Ave,State College,16803,Pennsylvania,40.8228956,-77.8840341,True
Penn State University Park,ChIJiRa683WozokR34MWJC9g-K0,State College Collective,https://www.statecollegecollective.com/?y_source=1_MjgxNzM0MDQtNzE1LWxvY2F0aW9uLndlYnNpdGU%3D,Apartment building,,145 Northbrook Ln,State College,16803,Pennsylvania,40.805854,-77.90234699999999,True
Penn State University Park,ChIJm34mnaCozokRBrvtNNK75Fg,The Apartment Store,https://www.apartmentstore.com/,Apartment rental agency,,322A E College Ave,State College,16801,Pennsylvania,40.7968943,-77.8577987,True
Penn State University Park,ChIJb3MDgH-ozokRiwNQ_71lqLw,College Court,http://nittanypm.com/,Apartment complex,,265 Blue Course Dr,State College,16803,Pennsylvania,40.8017216,-77.8851511,False
Penn State University Park,ChIJ3zOD_6GozokRm0pe9D2xPDs,The Metropolitan State College,https://www.themetstatecollege.com/?utm_source=GoogleMyBusiness,Student housing center,,412 W College Ave,State College,16801,Pennsylvania,40.7914091,-77.8654403,True
Penn State University Park,ChIJJdkuzriozokRqiOC6JUHuTM,The Retreat at State College,https://www.retreatstatecollege.com/?switch_cls[id]=67805,Apartment rental agency,,300 Waupelani Dr,State College,16801,Pennsylvania,40.7800212,-77.8505326,True
Penn State University Park,ChIJEzCaBZ2pzokR5e6O1dFo8Hg,Haus State College,https://www.hausstudentliving.com/,Apartment complex,,914 W College Ave,State College,16801,Pennsylvania,40.7864829,-77.8717125,True
Penn State University Park,ChIJG36B68CozokRHjpikBvmP-8,Nittany Garden Apartments,https://www.apartmentstore.com/building/state-college/nittany-gardens/,Apartment building,,445 Waupelani Dr A16,State College,16801,Pennsylvania,40.7777603,-77.8551519,True
Penn State University Park,ChIJ2ZFgr_GlzokRlEdDJIv3WFU,Meridian on College Avenue,http://www.meridianoncollegeavenue.com/,Apartment building,,646 E College Ave,State College,16801,Pennsylvania,40.8009681,-77.8521347,True
Penn State University Park,ChIJi1Z3YsGozokR6ifsCiIJ7gE,Briarwood Apartment Homes & Townhomes,https://www.morgan-properties.com/apartments/pa/state-college/briarwood/?utm_source=googlemybusiness,Apartment complex,,679-A Waupelani Dr,State College,16801,Pennsylvania,40.7734185,-77.85563479999999,True
Penn State University Park,ChIJKxwv75mozokRE_Y6s5wusVI,PSU Houses,http://www.psuhouses.com/,Apartment rental agency,,437 W Beaver Ave,State College,16801,Pennsylvania,40.7901493,-77.8649791,True
Penn State University Park,ChIJG6PgZdCpzokRB56ZZZ2nPoo,The Canyon,https://www.livethecanyon.com/,Apartment rental agency,,309 E Beaver Ave,State College,16801,Pennsylvania,40.795987,-77.8571561,True
Penn State University Park,ChIJ61ZphKCozokRgDd6c0WbmIM,Heights at State College,http://www.heightsatstatecollege.com/,Apartment building,,201 Northwick Blvd,State College,16803,Pennsylvania,40.7880142,-77.8970391,True
Penn State University Park,ChIJTf00b6KozokR3Z7Dfnj4ZXo,"Continental Real Estate Mgmt, Inc.",https://www.continentalrealestate.net/,Property management company,,300 S Allen St,State College,16801,Pennsylvania,40.7921704,-77.8584911,True
Penn State University Park,ChIJWchFlI-ozokRx0vkCUET5Qw,White Course Apartments,https://housing.psu.edu/weston-community-center,Student housing center,University Park,"Weston Community Center, Duff Dr",University Park,16802,Pennsylvania,40.7895543,-77.8727902,False
Penn State University Park,ChIJc3JrGwOmzokRl_jsCCW171A,University Terrace Apartments,https://www.apartmentstore.com/building/state-college/university-terrace/,Apartment building,,825 Bellaire Ave,State College,16801,Pennsylvania,40.801122,-77.8459499,True
Penn State University Park,ChIJFws_9NCnzokRWuhhIW9H3ro,The Bryn Apartments,https://livethebryn.com/?y_source=1_MTUzMDg0NzYtNzE1LWxvY2F0aW9uLndlYnNpdGU%3D,Apartment building,,601 Vairo Blvd,State College,16803,Pennsylvania,40.8103434,-77.8925062,True
Penn State University Park,ChIJaV-j6DCpzokRb8hpB9nFPuk,The Maxxen,https://www.themaxxen.com/?utm_source=GoogleMyBusiness,Apartment complex,,131 Hiester St,State College,16801,Pennsylvania,40.7968652,-77.856444,True
Penn State University Park,ChIJT7zO_vWpzokRvlvptRzv10w,Aspen State College,https://www.aspenstatecollege.com/,Apartment complex,,1275 Pennsylvania Ave,State College,16801,Pennsylvania,40.808265,-77.8330876,True
Penn State University Park,ChIJJw802aGozokRScjNZ5bnUq0,RISE at State College,https://www.risestatecollege.com/,Apartment complex,,532 E College Ave,State College,16801,Pennsylvania,40.7998517,-77.85393119999999,True
Penn State University Park,ChIJG1mlGlmpzokReCWncsdWV4c,The Standard at State College,https://www.thestandardstatecollege.com/?utm_source=GoogleMyBusiness,Student housing center,,330 W College Ave,State College,16801,Pennsylvania,40.7919718,-77.86435829999999,True
Penn State University Park,ChIJj3sH4h2mzokRn27xCq0-ZPE,Calder Commons Apartments,http://www.caldercommons.com/,Apartment building,,520 E Calder Way,State College,16801,Pennsylvania,40.7997627,-77.8531637,True
Penn State University Park,ChIJ_6ilhpCozokRsa-n2GaKOok,Westside Village Apartments,http://www.westsidevillage.com/,Student housing center,,140 N Gill St,State College,16801,Pennsylvania,40.7905084,-77.8690471,True
Penn State University Park,ChIJb4DgsKCozokRUgz_Y5Vnf04,Associated Realty Property Management,https://www.arpm.com/,Property management company,,456 E Beaver Ave,State College,16801,Pennsylvania,40.7976976,-77.8540809,True
Penn State University Park,ChIJ28QMEbyozokRvv0bOBv6TUc,Parkway Plaza Student Apartments,https://www.liveparkwayplaza.com/?y_source=1_MjIzODgwNTctNzE1LWxvY2F0aW9uLndlYnNpdGU%3D,Apartment building,,1000 Plaza Dr,State College,16801,Pennsylvania,40.7847053,-77.85472829999999,True
Penn State University Park,ChIJ9R-h3h-mzokRi62pJlejNJE,Simmons Hall,https://liveon.psu.edu/university-park/housing/simmons-hall,Student dormitory,University Park,Simmons Hall,State College,16801,Pennsylvania,40.7993394,-77.8578825,False
Penn State University Park,ChIJ6Q97ktGnzokRHlA9VfQKV6Y,The Pointe at State College,https://www.pointestatecollege.com/%3Fswitch_cls%5Bid%5D%3D67805%26utm_source%3DGoogleLocalListing%26utm_medium%3Dorganic,Apartment rental agency,,501 Vairo Blvd,State College,16803,Pennsylvania,40.8108797,-77.8904517,True
Penn State University Park,ChIJNfA2bXaozokR7LIjNd9cpmk,Park Forest Apartments,https://www.apartmentsstatecollege.com/park-forest-apartments,Apartment complex,,901 W Aaron Dr,State College,16803,Pennsylvania,40.8038665,-77.8974915,True
Penn State University Park,ChIJo_oi2amnzokRp_RT3egfQFY,The Valley Apartments & Townhomes,http://www.thevalleystatecollege.com/,Student housing center,,870 Toftrees Ave,State College,16803,Pennsylvania,40.8215794,-77.8842295,True
Penn State University Park,ChIJ3x9p2aOozokRhHZ6N-Co2sU,the co.space,http://www.thecospace.com/,Housing cooperative,,244 E Nittany Ave,State College,16801,Pennsylvania,40.7938047,-77.8552624,True
Penn State University Park,ChIJjaTIl8GozokRQHMv60Ra9xo,Southgate Apartments,https://www.studenthousingstatecollege.com/,Apartment complex,,"Southgate Apartments, 713 Southgate Dr",State College,16801,Pennsylvania,40.7767026,-77.8591393,True
Penn State University Park,ChIJFy5qqaGozokR77-LH36tZYU,"Property Management, Inc",http://www.rentpmi.com/,Property management company,,317 E Beaver Ave,State College,16801,Pennsylvania,40.796076,-77.8569977,True
Penn State University Park,ChIJywqAqaCozokRRoRR_ZhhcQ8,The Legacy at State College,https://www.thelegacystatecollege.com/?utm_source=GoogleMyBusiness,Student housing center,,478 E Calder Way,State College,16801,Pennsylvania,40.7987218,-77.8544379,True
Penn State University Park,ChIJSz_DX0ykzokRVhTnU0Cs_eM,The Villas at Happy Valley,https://www.apartmentstore.com/building/state-college/the-villas-at-happy-valley/,Apartment complex,,1335 Dreibelbis St,State College,16801,Pennsylvania,40.8345353,-77.81127149999999,True
Penn State University Park,ChIJzZZ2J46ozokRTALobuh-_JA,Nittany Property Management,http://www.nittanypm.com/,Property management company,,938 W College Ave,State College,16801,Pennsylvania,40.7863449,-77.8718708,False
Penn State University Park,ChIJV4Kba8ynzokRQ_J2ZpHbtAY,Vairo Village,https://vairovillage.com/,Apartment complex,,10 Vairo Blvd,State College,16803,Pennsylvania,40.8175363,-77.8886138,True
Penn State University Park,ChIJH6dsFH-ozokROfynA8K0pE8,Alight State College,https://alight-statecollege.com/,Apartment complex,,348 Blue Course Dr,State College,16803,Pennsylvania,40.8002495,-77.8865227,True
University of Illinois Urbana-Champaign,ChIJMStDGsrXDIgRyPNO_VtZBPk,Stone Ridge Square Apartments,https://www.m2regroup.com/properties/stone-ridge-square?utm_source=gbp,Apartment rental agency,,1714 E Colorado Ave,Urbana,61802,Illinois,40.0949085,-88.1871458,True
University of Illinois Urbana-Champaign,ChIJ0yehl6XXDIgRtqPdtmcuKeU,ICON Apartment,https://www.iconchampaign.com/,Apartment building,Midtown,309 E Springfield Ave,Champaign,61820,Illinois,40.112279,-88.2344933,True
University of Illinois Urbana-Champaign,ChIJOclHQ0fXDIgRQ9hSGct0NsE,JSM Living,http://www.jsmliving.com/,Property management company,Campustown,616 E Green St Suite D,Champaign,61820,Illinois,40.1105931,-88.2296109,True
University of Illinois Urbana-Champaign,ChIJ7UGa5WTXDIgRA68v32Fz4_c,The Atrium,http://www.atriumurbana.com/,Student housing center,,1306 N Lincoln Ave,Urbana,61801,Illinois,40.1245895,-88.2191991,True
University of Illinois Urbana-Champaign,ChIJZ1Wg5rDXDIgRwsRBDwZ_PUw,Parkside Apartments,https://www.m2regroup.com/properties/parkside?utm_source=gbp,Apartment building,,1205 E Florida Ave,Urbana,61801,Illinois,40.0978454,-88.1941786,True
University of Illinois Urbana-Champaign,ChIJEVA-T7XQDIgRWVzI8SDxx2I,Royse + Brinkmeyer Apartments,http://www.roysebrinkmeyer.com/,Apartment rental agency,,211 W Springfield Ave,Champaign,61820,Illinois,40.112348,-88.246555,True
University of Illinois Urbana-Champaign,ChIJvVMTrrfXDIgRdBQruMcBD3c,The Pointe At U of I,https://www.pointe-ui.com/,Apartment complex,,1601 E Florida Ave,Urbana,61802,Illinois,40.0978603,-88.1891294,True
University of Illinois Urbana-Champaign,ChIJ9QRWlUfXDIgR1kVVzyTTG58,Burnham 310,https://burnham310.com/contact/?switch_cls[id]=98541,Apartment building,Midtown,310 E Springfield Ave,Champaign,61820,Illinois,40.1129271,-88.2347027,True
University of Illinois Urbana-Champaign,ChIJN4K33c7XDIgRc3iISMg8KeQ,The Academy Campustown,https://www.theacademycampustown.com/,Apartment complex,Campustown,708 S 6th St,Champaign,61820,Illinois,40.1095997,-88.23011319999999,True
University of Illinois Urbana-Champaign,ChIJ9ZF7HbTQDIgRN3IFh0qIrTY,Ramshaw Real Estate,https://ramshaw.com/,Apartment rental agency,,505 W University Ave,Champaign,61820,Illinois,40.1160003,-88.2508795,True
University of Illinois Urbana-Champaign,ChIJX_L4rUnXDIgR9TAeTC_hgXA,University Group,http://ugroupcu.com/,Apartment rental agency,Midtown,309 S 1st St,Champaign,61820,Illinois,40.1132713,-88.2390489,True
University of Illinois Urbana-Champaign,ChIJKT8w-rLXDIgRl0ZPbWM9JAs,Hub on Campus Champaign - Daniel,https://huboncampus.com/champaign/?utm_source=GoogleMyBusiness,Student housing center,Campustown,812 S 6th St,Champaign,61820,Illinois,40.10814999999999,-88.230137,True
University of Illinois Urbana-Champaign,ChIJreALlzXXDIgRZqemYCoMxfY,Next Chapter Properties,http://www.nextchapterproperties.com/,Property management company,Downtown Champaign,217 S Neil St B,Champaign,61820,Illinois,40.1146098,-88.2438746,False
University of Illinois Urbana-Champaign,ChIJjy21MDbXDIgRG8W0CUaifWM,Bankier Apartments,http://www.bankierapartments.com/,Apartment rental agency,Campustown,406 E Green St,Champaign,61820,Illinois,40.1106605,-88.232315,True
University of Illinois Urbana-Champaign,ChIJh-fkijjXDIgRIJb5AHnEiUM,309 Green,https://www.americancampus.com/student-apartments/il/champaign/309-green,Apartment complex,Campustown,309 E Green St,Champaign,61820,Illinois,40.1100515,-88.2341603,True
University of Illinois Urbana-Champaign,ChIJhVL1izfXDIgRrfXrI_kZw5Q,West Quad,https://www.westquad.com/,Student housing center,Campustown,29 E Green St,Champaign,61820,Illinois,40.1100315,-88.2413648,True
University of Illinois Urbana-Champaign,ChIJVwa4HzHXDIgR5gMN95-tgJk,75 Armory,http://www.75armory.com/,Apartment rental agency,,75 E Armory Ave,Champaign,61820,Illinois,40.104935,-88.23889299999999,True
University of Illinois Urbana-Champaign,ChIJ5Sku2WzXDIgRUv6cWQoX9q0,901 Western,http://901western.com/,Apartment complex,,901 W Western Ave,Urbana,61801,Illinois,40.1120749,-88.2195665,True
University of Illinois Urbana-Champaign,ChIJhVL1izfXDIgRk7TCCsdAoJg,Latitude Apartments,https://www.livelatitude.com/,Apartment complex,,608 E University Ave,Champaign,61820,Illinois,40.1166544,-88.22976419999999,True
University of Illinois Urbana-Champaign,ChIJAQvvyjzRDIgRKOGCxDwF8Fk,Fairlawn,https://www.fairlawnre.com/,Property management company,,2500 Galen Dr UNIT 10,Champaign,61821,Illinois,40.0819865,-88.2623849,True
University of Illinois Urbana-Champaign,ChIJZf6mSDjXDIgRoqhch8Qv118,The Tower at Third,https://www.americancampus.com/student-apartments/il/champaign/tower-at-3rd,Apartment complex,Campustown,302 E John St #100,Champaign,61820,Illinois,40.1092666,-88.2350029,True
University of Illinois Urbana-Champaign,ChIJoUKqgmHXDIgRrZiClSE_GkA,The Linc,https://www.aspensquare.com/apartments/illinois/urbana/the-linc?utm_source=google,Apartment rental agency,,1601 N Lincoln Ave,Urbana,61801,Illinois,40.1281638,-88.22017799999999,True
University of Illinois Urbana-Champaign,ChIJq-_xxo_XDIgRQaOaC0HpKag,Town & Country Apartments,https://www.tandcapartments.com/%3Frcstdid%3DMg%253D%253D-YRjTEizZPgM%253D,Apartment rental agency,,1032 Kerr Ave,Urbana,61802,Illinois,40.12229809999999,-88.19726639999999,True
University of Illinois Urbana-Champaign,ChIJcT_bVWnXDIgRtRv8uFr4IxQ,Campus Circle,https://www.livecampuscircle.com/?utm_source=gmb,Apartment complex,,1010 W University Ave,Urbana,61801,Illinois,40.1165658,-88.2219593,True
University of Illinois Urbana-Champaign,ChIJ4RcVWTnXDIgRcnQBIsfLJKg,Illini Tower Apartments,https://www.illinitoweruiuc.com/?utm_source=gbp,Student housing center,,409 E Chalmers St,Champaign,61820,Illinois,40.1065889,-88.2323389,True
University of Illinois Urbana-Champaign,ChIJAaRo_t7XDIgRHm74yxuRhKo,Seven07,https://liveseven07.com/?y_source=1_Mjg2NTExOTQtNzE1LWxvY2F0aW9uLndlYnNpdGU%3D,Student housing center,Campustown,707 S 4th St,Champaign,61820,Illinois,40.1096008,-88.2341874,True
University of Illinois Urbana-Champaign,ChIJ5yKD5jXXDIgRkGdSK3ffJl8,Green Street Realty,https://www.greenstrealty.com/,Apartment rental agency,,510 S Neil St,Champaign,61820,Illinois,40.1107669,-88.2433132,True
University of Illinois Urbana-Champaign,ChIJh-MjTT_XDIgREg4JSr55NBc,First Column,,Property management company,Campustown,512 E Green St Apt B,Champaign,61820,Illinois,40.1105814,-88.2314749,True
University of Illinois Urbana-Champaign,ChIJF0jJhNfXDIgRqLO-uHn9i4Q,Yugo Urbana Illinois,https://yugo.com/en-us/global/united-states-of-america/urbana-il/yugo-urbana-illinois?utm_source=googlemaps,Furnished apartment building,,410 N Lincoln Ave,Urbana,61801,Illinois,40.116014,-88.2191919,True
University of Illinois Urbana-Champaign,ChIJHd4nFzjXDIgRw23-k0Axqp8,212 East,https://www.212east.com/?switch_cls[id]=98512,Student housing center,Campustown,212 E Green St,Champaign,61820,Illinois,40.1104105,-88.2356253,True
University of Illinois Urbana-Champaign,ChIJq6qqqk7XDIgRuJ6D7S4FVhk,Hunters Pond Apartment Homes,https://www.hunterspond-apartments.com/?utm_source=GMB,Apartment rental agency,,2717 Hunters Pond Run,Champaign,61820,Illinois,40.1483293,-88.2446949,True
University of Illinois Urbana-Champaign,ChIJNUZDVGLXDIgRpbLl-ZLq7YY,Capstone Quarters,http://www.capstonequarters.com/,Apartment complex,,1901 N Lincoln Ave,Urbana,61801,Illinois,40.1299451,-88.2201183,True
University of Illinois Urbana-Champaign,ChIJh-fkijjXDIgRiBiW0D9azyk,Campustown Rentals,https://www.americancampus.com/student-apartments/il/champaign/campustown-rentals,Apartment complex,Campustown,309 E Green St,Champaign,61820,Illinois,40.1100515,-88.2341603,True
University of Illinois Urbana-Champaign,ChIJ7R36jEbXDIgRE_nknCuwSNY,MHM Properties,http://www.mhmproperties.com/,Apartment rental agency,,303 S 5th St,Champaign,61820,Illinois,40.1140313,-88.23235009999999,True
University of Illinois Urbana-Champaign,ChIJkUNL8TfXDIgRzbcTd3_-ijA,HERE Champaign,https://www.herechampaign.com/,Apartment complex,Campustown,308 E Green St,Champaign,61820,Illinois,40.1105109,-88.2342474,True
University of Illinois Urbana-Champaign,ChIJ06hDonPXDIgRwvaC5IF3CaA,Element on Main Apartments,https://chooseelement.com/,Apartment complex,,502 W Main St,Urbana,61801,Illinois,40.114352,-88.2132589,True
University of Illinois Urbana-Champaign,ChIJr-EbgDTXDIgRDpkDYnR9rP8,JSJ Property Management,http://www.jsjmanagement.com/,Property management company,,302 W Springfield Ave,Champaign,61820,Illinois,40.112886,-88.2473011,True
University of Illinois Urbana-Champaign,ChIJByDnijjXDIgRqzV41TJw_dw,Roland Realty,http://www.roland-realty.com/,Apartment rental agency,,901 S 1st St,Champaign,61820,Illinois,40.1077038,-88.23906559999999,True
University of Illinois Urbana-Champaign,ChIJq0-EID_XDIgRGl5jbXhvDTY,The Dean Campustown,https://www.thedean.com/campustown/,Apartment complex,Campustown,708 S 6th St,Champaign,61820,Illinois,40.1095997,-88.23011319999999,True
University of Illinois Urbana-Champaign,ChIJJ0oCYHTRDIgR2EzSDqUIy5E,Smile Student Living,https://www.smilestudentliving.com/,Apartment complex,Campustown,615 S Wright St,Champaign,61820,Illinois,40.1109984,-88.22906549999999,True
University of Illinois Urbana-Champaign,ChIJA3TSPJPXDIgROSgAeS0I2bw,Octave Apartments,https://liveatoctave.com/?utm_source=GMB,Apartment building,,210 S 4th St,Champaign,61820,Illinois,40.1147027,-88.23306389999999,True
University of Illinois Urbana-Champaign,ChIJl3GbQTjXDIgRUIdCvHgdOY4,Community Property Management,http://cpm-apts.com/,Property management company,,408 Kenwood Rd,Champaign,61821,Illinois,40.112127,-88.284729,True
